{
    "T6": {
        "message": null,
        "test SMAPE": 0.357202,
        "val SMAPE": 0.275267,
        "best model": {
            "thres up": 0.3,
            "thres down": 0.3,
            "n lag": 1,
            "alpha": 0.8,
            "l1 ratio": 0.5
        },
        "y hats": [
            4342.395179123457,
            3358.930452000708,
            3453.136825056904,
            4968.499154400822
        ]
    },
    "T7": {
        "message": null,
        "test SMAPE": 0.48888,
        "val SMAPE": 0.354772,
        "best model": {
            "thres up": 0.3,
            "thres down": 0.1,
            "n lag": 2,
            "alpha": 0.1,
            "l1 ratio": 0.1
        },
        "y hats": [
            2430.0524618776626,
            3335.6763902360613,
            2622.9050430411007,
            3720.158758216143
        ]
    },
    "T8": {
        "message": null,
        "test SMAPE": 0.390978,
        "val SMAPE": 0.165666,
        "best model": {
            "thres up": 0.3,
            "thres down": 0.3,
            "n lag": 1,
            "alpha": 0.8,
            "l1 ratio": 0.5
        },
        "y hats": [
            2714.515042838796,
            2893.4296579317634,
            2232.690391013799,
            2479.187802996015
        ]
    }
}