{
    "T6": {
        "message": null,
        "test SMAPE": 0.428349,
        "val SMAPE": 0.414294,
        "best model": {
            "thres up": 0.3,
            "thres down": 0.1,
            "seasonal periods": 12,
            "trend": "add",
            "seasonal": "mul",
            "damped trend": false
        },
        "y hats": [
            6026.081004342933,
            3357.2848522472823,
            3279.7233176412346,
            4566.064107957222
        ]
    },
    "T7": {
        "message": null,
        "test SMAPE": 0.293689,
        "val SMAPE": 0.536368,
        "best model": {
            "thres up": 0.1,
            "thres down": 0.1,
            "seasonal periods": 12,
            "trend": "mul",
            "seasonal": "add",
            "damped trend": true
        },
        "y hats": [
            2763.303404825714,
            3298.859742748331,
            3876.1950947413466,
            2775.833697443884
        ]
    },
    "T8": {
        "message": null,
        "test SMAPE": 0.354056,
        "val SMAPE": 0.290743,
        "best model": {
            "thres up": 0.3,
            "thres down": 0.3,
            "seasonal periods": 12,
            "trend": "add",
            "seasonal": "mul",
            "damped trend": false
        },
        "y hats": [
            2776.124040124959,
            2050.587066833817,
            1583.4935427034136,
            2158.524223210698
        ]
    }
}