{
    "123": {
        "message": null,
        "test SMAPE": 0.017986,
        "val SMAPE": 0.017357,
        "best model": {
            "thres up": 1.21,
            "thres down": 0.01,
            "interp kind": "linear",
            "use states": true,
            "q": 1
        },
        "y hats": [
            921.2324985968299,
            961.7935615263376,
            962.4486662599794,
            947.6261487096561,
            1041.6478717738205,
            988.4601015289662,
            970.8499146850596,
            973.1564703724084,
            986.9443710344256,
            955.6003960123828,
            992.979889546106,
            960.30795907339,
            955.6868835330606,
            975.3992732540032,
            912.3299549117315,
            947.9955182168152,
            894.2184825665132,
            884.2225356695878,
            896.4766593074978,
            915.5966364081338,
            889.467703533872,
            982.903398085273,
            879.2530224019573,
            912.473407888223,
            931.284913529004,
            915.1890064499319,
            935.138698560007,
            906.1931687100665,
            884.4814776497295,
            903.8635989602996,
            912.8319678291912,
            891.9565317434948,
            910.0900557988573,
            899.0493584642921,
            919.5348855258061,
            929.3984570780827,
            953.4604214766842,
            937.2602993648226,
            969.8799198114721,
            993.9051423720864,
            962.1408380789086,
            984.5270643486854,
            982.8065986171903,
            1034.3872458327378,
            1034.1815269722736,
            1044.2164455942302,
            1027.0665990816435,
            1029.230047005351,
            1098.5109489533254,
            1057.5680729156868,
            1062.8112688474187,
            1091.9836331182603,
            1088.0597532297447,
            1034.7848296793154,
            1041.5568311742295,
            1050.4400694351846,
            1091.448777745396,
            1066.5478709581612,
            992.337649253731,
            1061.3138089005236,
            1037.846940597371,
            1081.3234136885342,
            1054.431805558172,
            1111.6852812015584,
            1128.813861723022,
            1094.1442955270547,
            1051.7764389649817,
            1083.4437072739943,
            1026.83082874054,
            1077.178597371021,
            1032.7473453463044,
            1075.944296911502,
            1072.2735349493996,
            1079.5589544692782,
            1085.0908882171284,
            1053.0609765121517,
            1065.5700023459417,
            1027.2910027964933,
            1042.5832711128946,
            1100.1746058615706,
            1073.4405247495201,
            1066.6784461493987,
            1055.288732705109,
            1088.3356572482726,
            1092.5683364025856,
            1110.67132613375,
            1092.6034324383486,
            1096.7010656531502,
            1143.3487823332907,
            1087.6558785057575,
            1132.4800341692865,
            1118.810223651605,
            1130.322084216363,
            1174.835456817574,
            1152.9529138859639,
            1164.0159171068171,
            1167.0293278044153,
            1163.8805506418412,
            1128.5206081266988,
            1188.095661141514,
            1162.6934285028585,
            1158.4783044415253
        ]
    },
    "124": {
        "message": null,
        "test SMAPE": 0.011462,
        "val SMAPE": 0.010348,
        "best model": {
            "thres up": 2.01,
            "thres down": 1.21,
            "interp kind": "linear",
            "use states": true,
            "q": 1
        },
        "y hats": [
            758.662446755034,
            768.5414102733387,
            743.7615583955961,
            737.7935188866791,
            715.9900711700847,
            744.7349510870304,
            735.5217307327391,
            729.2685841308628,
            736.7749772835793,
            701.507280434368,
            735.5359045390611,
            729.8133059955128,
            733.8306121440141,
            722.7635589023853,
            728.8112678672152,
            740.444012365185,
            744.7937634252515,
            727.238566014323,
            733.3003404603026,
            756.3506406377762,
            747.7325193626754,
            746.0600301463097,
            753.4474643867014,
            744.4695788322522,
            752.5497572074839,
            762.0291370158966,
            749.1850241430852,
            751.4004317378481,
            763.9372380547089,
            762.8780494240887,
            756.7843083903209,
            757.1906459352216,
            749.8315355790412,
            758.035794388804,
            770.9942123713519,
            764.5103819603629,
            764.8702650627641,
            774.6540257973363,
            769.8400332674919,
            776.3544071562205,
            774.1904503175892,
            775.8015641158217,
            755.0857479024141,
            773.9570681066372,
            776.335650133874,
            758.6954099760625,
            759.4529580536479,
            749.7035378991408,
            759.5330060005844,
            758.4313754809027,
            757.3100033007216,
            734.9680025351222,
            731.6108407945519,
            739.2900779632104,
            721.6733591773228,
            726.8341456367843,
            700.270280686825,
            734.8256571652574,
            733.4878269931528,
            703.1821907623091,
            709.8530783842662,
            677.6469385608079,
            699.2362845838422,
            638.8712696158592,
            689.2057479359275,
            678.4800289000297,
            672.7117233245855,
            659.3578459557086,
            651.999764006053,
            686.8650563177441,
            668.986365729736,
            635.3576657477084,
            638.1252297231068,
            603.1581113865217,
            612.9193653541034,
            621.8848395912164,
            629.2229442876716,
            649.4074381047541,
            633.8733434124597,
            654.8940953710088,
            645.0705386460343,
            638.2016640337014,
            654.7838085742773,
            651.8648323358829,
            661.4592787152553,
            658.152195958826,
            649.5907262348726,
            637.0680032292793,
            615.8371290297518,
            621.6949076383037,
            620.9786774930868,
            645.514481148724,
            656.2935329964449,
            644.9300223196979,
            653.6987979226423,
            646.1838932179376,
            647.4100500177534,
            643.356940193641,
            645.1100501959813,
            645.0900154969081,
            658.6191616423063,
            650.5906283461421
        ]
    },
    "125": {
        "message": null,
        "test SMAPE": 0.00955,
        "val SMAPE": 0.011909,
        "best model": {
            "thres up": 1.21,
            "thres down": 1.01,
            "interp kind": "linear",
            "use states": true,
            "q": 1
        },