{
    "123": {
        "message": null,
        "test SMAPE": 0.01146,
        "val SMAPE": 0.013613,
        "best model": {
            "n lag": 7,
            "struc": [
                12,
                6
            ],
            "max iter": 500
        },
        "y hats": [
            937.9707753580083,
            950.3838678153294,
            955.2452388435172,
            946.7148760869475,
            993.7291888960835,
            1001.5811318561022,
            973.9216147762015,
            975.2809060305196,
            990.6515317640026,
            971.4839747908958,
            974.9241652723256,
            975.5593050608953,
            961.5487095133783,
            970.0800593468479,
            944.8118910910658,
            940.0362414188346,
            924.5915143998004,
            900.1511201278906,
            900.2363955428748,
            912.6856108954001,
            899.7448847057138,
            935.4010009969452,
            917.6067719333603,
            901.4796992053579,
            927.0608515713533,
            925.7395011981472,
            922.0949730051891,
            915.5826003697823,
            901.4133981529457,
            902.6313356549083,
            913.0244412136167,
            900.1255759740816,
            900.6184127713116,
            905.8541013316776,
            912.2509541716503,
            925.1040819787129,
            939.4447195919032,
            937.709055478714,
            951.7944726887881,
            985.3355166603977,
            973.6017051262562,
            970.6524139439541,
            984.7154798121803,
            1011.4624033901147,
            1022.7397611786672,
            1028.1527141948488,
            1029.7772254408285,
            1030.5451797214762,
            1067.4153415064375,
            1066.3699208074174,
            1053.347051295589,
            1076.9720830729063,
            1090.4527859622763,
            1056.4856035636546,
            1043.9385795401358,
            1057.787806582189,
            1082.559136497054,
            1072.5232447461212,
            1023.545992722463,
            1044.4476420676745,
            1058.5648358666217,
            1059.7621452205346,
            1054.608402216066,
            1083.692602046039,
            1114.392462574844,
            1100.217428524877,
            1070.626938744727,
            1080.899951676934,
            1063.1525908147698,
            1060.3414183469497,
            1051.9530879293595,
            1060.5474535956573,
            1071.383652170341,
            1072.4034436888542,
            1078.582870460705,
            1067.3480624475142,
            1065.7764066376803,
            1049.4914274102928,
            1044.2675523718933,
            1075.4218751232024,
            1078.1430033391348,
            1063.173005370054,
            1061.870627811647,
            1081.511716470539,
            1087.7931163465912,
            1093.9289446304751,
            1094.6443254347892,
            1095.2734311465092,
            1122.6511892340634,
            1108.5100843243288,
            1111.5478669739202,
            1126.0536376123405,
            1127.5537748324805,
            1150.3489789089224,
            1156.347408500535,
            1155.3665085640594,
            1165.1478035589612,
            1169.0284101185641,
            1147.3486728354235,
            1166.224249630925,
            1171.7506360781358,
            1156.0483687301696
        ]
    },
    "124": {
        "message": null,
        "test SMAPE": 0.00828,
        "val SMAPE": 0.007598,
        "best model": {
            "n lag": 7,
            "struc": [
                12,
                6
            ],
            "max iter": 500
        },
        "y hats": [
            757.1375826153292,
            763.6154830784911,
            754.0633434651916,
            743.3337814254169,
            731.8644356822757,
            739.0116745752332,
            739.9205365474239,
            729.7034000553083,
            732.7632041265422,
            719.8485164764749,
            725.6251105068409,
            732.7134320274334,
            730.0786331422003,
            724.7243599919976,
            727.7131441526203,
            737.4534077176864,
            742.6860740387093,
            733.4528806031909,
            731.3499301868408,
            748.5710729651222,
            749.8725042137988,
            742.9244994201538,
            749.0315661671788,
            750.2482350004342,
            749.8386918594828,
            756.7315256153759,
            753.5547963092575,
            750.2109046119639,
            759.2350461147763,
            763.099914289762,
            757.4962895927781,
            756.8547429624492,
            755.5978972342166,
            756.6776796673813,
            764.6655687447262,
            764.6663169786659,
            762.6676562876761,
            770.1805906747561,
            772.2618342920018,
            772.6357488700125,
            773.9383159398656,
            775.2375941035642,
            765.1274931027397,
            768.4899033919286,
            776.386032372941,
            765.4282782854762,
            759.5623517648016,
            754.7855769497781,
            757.7373255184106,
            759.0716792438866,
            756.2852428335273,
            744.8310215385949,
            737.8294285736008,
            741.852152222068,
            732.0316521574356,
            725.9300148181353,
            714.4357626899052,
            724.1081167086094,
            733.3062921323586,
            713.8355548132068,
            708.5392852419553,
            698.4392511544175,
            697.7290949081791,
            668.6486062369548,
            673.3525752203342,
            684.6627459398113,
            673.4380024135914,
            663.7241132649623,
            659.8243504812925,
            676.7183187676397,
            674.0056594272852,
            648.2859247168718,
            642.1999952279352,
            628.8385986278038,
            617.9919891113836,
            621.0099125138311,
            625.1489778129621,
            640.017902533451,
            638.052289532939,
            643.772031013644,
            649.0890799079319,
            643.1015681625935,
            647.9890016575205,
            652.4971113832419,
            655.4939203034422,
            656.4787132244029,
            653.3699020331028,
            643.6323894203314,
            629.6102122863964,
            626.2822668851065,
            624.8743998873234,
            632.9726905058257,
            644.6736222179491,
            642.7888260021497,
            646.4625668352963,
            650.1935581296757,
            648.1771279142259,
            644.7825222717995,
            644.5987742858077,
            645.0546158553288,
            651.3691036384406,
            651.6065570246506
        ]
    },
    "125": {
        "message": null,
        "test SMAPE": 0.007941,
        "val SMAPE": 0.009184,
        "best model": {
            "n lag": 7,
            "struc": [
                12
            ],
            "max iter": 500
        },