{
    "T6": {
        "message": null,
        "test SMAPE": 0.469836,
        "val SMAPE": 0.179042,
        "best model": {
            "n lag": 2,
            "struc": [
                100,
                100
            ],
            "max iter": 100
        },
        "y hats": [
            5764.865066043366,
            4583.154475757298,
            3653.1451804165536,
            5302.367936940066
        ]
    },
    "T7": {
        "message": null,
        "test SMAPE": 0.669828,
        "val SMAPE": 0.603467,
        "best model": {
            "n lag": 1,
            "struc": [
                100
            ],
            "max iter": 100
        },
        "y hats": [
            1263.3786987666285,
            3243.7204129316538,
            2077.2629031959127,
            3741.4675348595097
        ]
    },
    "T8": {
        "message": null,
        "test SMAPE": 0.617221,
        "val SMAPE": 0.176843,
        "best model": {
            "n lag": 1,
            "struc": [
                100
            ],
            "max iter": 100
        },
        "y hats": [
            2059.1664021860024,
            2479.1755580182903,
            1027.156007533744,
            1713.5232703715108
        ]
    }
}