{
    "T6": {
        "message": null,
        "test SMAPE": 0.339631,
        "val SMAPE": 0.177197,
        "best model": {
            "thres up": 0.3,
            "thres down": 0.3,
            "n lag": 2,
            "struc": [
                100,
                100
            ],
            "max iter": 100
        },
        "y hats": [
            5575.420886933564,
            4228.271639324812,
            3774.203478983872,
            3548.4852927372917
        ]
    },
    "T7": {
        "message": null,
        "test SMAPE": 0.494864,
        "val SMAPE": 0.245889,
        "best model": {
            "thres up": 0.3,
            "thres down": 0.1,
            "n lag": 1,
            "struc": [
                100,
                100
            ],
            "max iter": 100
        },
        "y hats": [
            3508.8790412699527,
            3949.659917257139,
            2524.5068505762924,
            4566.051101337267
        ]
    },
    "T8": {
        "message": null,
        "test SMAPE": 0.608145,
        "val SMAPE": 0.17673,
        "best model": {
            "thres up": 0.3,
            "thres down": 0.3,
            "n lag": 1,
            "struc": [
                100
            ],
            "max iter": 100
        },
        "y hats": [
            2098.748015160815,
            2526.639727955166,
            1047.4076338753052,
            1747.345446970178
        ]
    }
}