{
    "T6": {
        "message": null,
        "test SMAPE": 0.325538,
        "val SMAPE": 0.332811,
        "best model": {
            "seasonal periods": 12,
            "trend": "add",
            "seasonal": "mul",
            "damped trend": true
        },
        "y hats": [
            4392.296978735318,
            5065.795141146074,
            5067.005154012414
        ]
    },
    "T7": {
        "message": null,
        "test SMAPE": 0.17952,
        "val SMAPE": 0.585624,
        "best model": {
            "seasonal periods": 12,
            "trend": "mul",
            "seasonal": "mul",
            "damped trend": true
        },
        "y hats": [
            2955.3777547102486,
            4379.512619656642,
            2796.35064297612
        ]
    },
    "T8": {
        "message": null,
        "test SMAPE": 0.528581,
        "val SMAPE": 0.328767,
        "best model": {
            "seasonal periods": 12,
            "trend": "add",
            "seasonal": "mul",
            "damped trend": true
        },
        "y hats": [
            2417.5798042421766,
            1572.3673429501766,
            2091.1853409181076
        ]
    }
}