{
    "T6": {
        "message": null,
        "test SMAPE": 0.331684,
        "val SMAPE": 0.306391,
        "best model": {
            "n lag": 1,
            "struc": [
                0
            ],
            "max iter": 500
        },
        "y hats": [
            3254.945418458485,
            3281.50407909292,
            3685.203590167836
        ]
    },
    "T7": {
        "message": null,
        "test SMAPE": 0.292615,
        "val SMAPE": 0.443138,
        "best model": {
            "n lag": 1,
            "struc": [
                0
            ],
            "max iter": 500
        },
        "y hats": [
            2797.7044555181005,
            2902.817165177377,
            2776.4297317469377
        ]
    },
    "T8": {
        "message": null,
        "test SMAPE": 0.549731,
        "val SMAPE": 0.19074,
        "best model": {
            "n lag": 1,
            "struc": [
                0
            ],
            "max iter": 500
        },
        "y hats": [
            3039.2436689475344,
            2633.4663004400363,
            2777.7705301248293
        ]
    }
}