{
    "T6": {
        "message": null,
        "test SMAPE": 0.253098,
        "val SMAPE": 0.284351,
        "best model": {
            "n lag": 2,
            "alpha": 0.1,
            "l1 ratio": 0.1
        },
        "y hats": [
            3871.7398153854124, 3539.388153194643, 3317.572888927068,
            3669.5440802009543
        ]
    },
    "T7": {
        "message": null,
        "test SMAPE": 0.307122,
        "val SMAPE": 0.488695,
        "best model": {
            "n lag": 1,
            "alpha": 0.1,
            "l1 ratio": 0.1
        },
        "y hats": [
            2946.9839748435493, 2797.7046932679327, 2902.817131213949,
            2776.430081154793
        ]
    },
    "T8": {
        "message": null,
        "test SMAPE": 0.430053,
        "val SMAPE": 0.200151,
        "best model": {
            "n lag": 1,
            "alpha": 0.1,
            "l1 ratio": 0.1
        },
        "y hats": [
            2941.753098442102, 3039.243834037862, 2633.4671343867767,
            2777.7710240862607
        ]
    }
}
