{
    "T6": {
        "message": null,
        "test SMAPE": 0.311429,
        "val SMAPE": 0.252883,
        "best model": {
            "seasonal periods": 12,
            "trend": "mul",
            "seasonal": "mul",
            "damped trend": false
        },
        "y hats": [
            4522.743356513653, 4392.296978735318, 5065.795141146074,
            5067.005154012414
        ]
    },
    "T7": {
        "message": null,
        "test SMAPE": 0.245986,
        "val SMAPE": 0.616811,
        "best model": {
            "seasonal periods": 12,
            "trend": "add",
            "seasonal": "add",
            "damped trend": true
        },
        "y hats": [
            2670.086523550458, 2955.3777547102486, 4379.512619656642,
            2796.35064297612
        ]
    },
    "T8": {
        "message": null,
        "test SMAPE": 0.45022,
        "val SMAPE": 0.40928,
        "best model": {
            "seasonal periods": 12,
            "trend": "add",
            "seasonal": "mul",
            "damped trend": true
        },
        "y hats": [
            3400.5265027148116, 2417.5798042421766, 1572.3673429501766,
            2091.1853409181076
        ]
    }
}
