{
    "T6": {
        "message": null,
        "test SMAPE": 0.462888,
        "val SMAPE": 0.295608,
        "best model": {
            "thres up": 0.3,
            "thres down": 0.3,
            "n lag": 2,
            "struc": [100, 100],
            "max iter": 100
        },
        "y hats": [
            5855.3748266269795, 4228.271639324812, 3774.203478983872,
            5728.3355258615065
        ]
    },
    "T7": {
        "message": null,
        "test SMAPE": 0.569753,
        "val SMAPE": 0.536296,
        "best model": {
            "thres up": 0.1,
            "thres down": 0.1,
            "n lag": 2,
            "struc": [100, 100, 100],
            "max iter": 100
        },
        "y hats": [
            1547.5914514889569, 2979.627008663314, 2671.0925398755116,
            3993.658259254538
        ]
    },
    "T8": {
        "message": null,
        "test SMAPE": 0.53694,
        "val SMAPE": 0.173201,
        "best model": {
            "thres up": 0.1,
            "thres down": 0.3,
            "n lag": 2,
            "struc": [100, 100, 100],
            "max iter": 100
        },
        "y hats": [
            1892.1759610679828, 2637.349571471333, 1441.765596184695,
            2007.5852549469764
        ]
    }
}
