{
    "123": {
        "message": null,
        "test SMAPE": 0.01121,
        "val SMAPE": 0.013521,
        "best model": {
            "auto": true
        },
        "y hats": [
            932.5110180150219,
            946.9643206171161,
            952.2993971779304,
            949.8773458567111,
            994.669664362967,
            991.4967399133621,
            981.0469046769357,
            977.0232408127192,
            981.9080041029536,
            968.5856347917145,
            980.6470986460363,
            970.3475860038682,
            962.9108488955831,
            969.0667047304837,
            940.1705270546435,
            943.994136408942,
            918.6619504119099,
            901.1671596180128,
            898.7153066834688,
            907.0225606425901,
            898.0952225916668,
            939.4811825795061,
            908.7546677598025,
            910.516375841368,
            920.7553558091545,
            917.8730698373312,
            926.3806117666506,
            916.1319809326957,
            900.0585944738426,
            901.8603133841557,
            907.2350342923753,
            899.4587328812548,
            904.6632880328303,
            901.7510638609009,
            910.5086070532293,
            923.2396160401215,
            938.1526866284482,
            937.6224003439537,
            953.5465665515984,
            979.7303103683505,
            970.8223519892435,
            977.588628788871,
            980.1310821530362,
            1006.8559507666823,
            1020.3888537628848,
            1032.200262451817,
            1029.5878289888205,
            1029.367703291191,
            1063.3709286788228,
            1060.43807532887,
            1061.5992763044364,
            1076.6743114568683,
            1082.3400262121636,
            1058.256145785138,
            1049.8379876604017,
            1050.108310976692,
            1077.4452606084446,
            1071.9598491044317,
            1031.320482021383,
            1046.184774458728,
            1041.9707957458018,
            1061.4497002229368,
            1057.9063018319462,
            1084.4624784417992,
            1106.4245887056863,
            1100.2583552435228,
            1075.7139085728459,
            1079.5577343026453,
            1052.821734308253,
            1064.9134722353936,
            1048.6678700325338,
            1062.2009332841951,
            1067.2058321939644,
            1071.7703150673487,
            1078.3968250337664,
            1065.624436530332,
            1065.5744341594752,
            1046.2159841074867,
            1044.3642999032802,
            1071.9006833783649,
            1072.651447504138,
            1069.6385772230599,
            1062.411677269944,
            1075.2841062463417,
            1082.4410891463867,
            1096.4648491681155,
            1094.52295386528,
            1095.6040320396316,
            1119.237505238066,
            1103.3216615799993,
            1117.8160683568003,
            1118.3165623188906,
            1124.312561236384,
            1149.327900651066,
            1151.1597390886836,
            1157.5963131385122,
            1162.3311467143978,
            1163.1319180126604,
            1145.7040240951126,
            1166.745547688721,
            1164.743424405921,
            1161.6301706926172
        ]
    },
    "124": {
        "message": null,
        "test SMAPE": 0.008016,
        "val SMAPE": 0.007393,
        "best model": {
            "auto": true
        },
        "y hats": [
            756.8101352870284,
            762.4131805521596,
            752.7794257792632,
            745.6068595923339,
            730.3910754201611,
            737.2844377293474,
            736.1545063538615,
            732.4535323908942,
            734.3648457373253,
            717.4887090505947,
            726.2126428915063,
            727.7637938340077,
            730.5454381201521,
            726.3943205262893,
            727.3552356799979,
            733.6282709909628,
            740.9417905996056,
            733.8094012465383,
            733.3097252447541,
            744.5048383390925,
            745.8759307505202,
            745.726388210837,
            749.3384251621586,
            746.6578084211637,
            749.3594565587368,
            755.4325586140119,
            752.0616217884386,
            751.4918907586516,
            757.4549481996276,
            759.9265233388553,
            758.1162384122649,
            757.4164371851588,
            753.3752098561384,
            755.4665984559363,
            762.9603401261163,
            763.5010702313533,
            763.9517574996755,
            769.0544993115969,
            769.2150586790916,
            772.5470352261449,
            773.1377812521257,
            774.2387587220073,
            764.3648701016358,
            768.9173517823261,
            772.3893736484079,
            765.27672231793,
            762.1258359520962,
            752.7923583591693,
            755.9241576053865,
            756.945071616641,
            756.8955317964407,
            745.6113403756949,
            738.3389101084033,
            738.5794915980853,
            729.836574778101,
            728.0963995609009,
            713.8016031856748,
            724.0058341842109,
            728.4980107057723,
            715.483680516667,
            712.4230723414958,
            694.5674424631187,
            696.6586279051747,
            666.8798919891467,
            677.7135923246931,
            677.8541310110845,
            675.0337796674519,
            666.9018934138678,
            659.1602211596697,
            672.6345480331497,
            670.5644350288012,
            652.4699195646181,
            645.0084973344619,
            623.473957355176,
            617.9232829578424,
            619.6541453414911,
            624.1756104682851,
            641.1000076834958,
            637.2295700980709,
            645.7621463035007,
            645.1724874059747,
            641.4320562520211,
            647.8341332808568,
            649.6050701824123,
            655.2670243171077,
            656.4678263359247,
            652.7773390692131,
            643.1653977259715,
            629.1025977397303,
            625.1422155570582,
            622.8122031025698,
            633.8251160015163,
            644.688176556386,
            644.568627424517,
            648.8801731192249,
            647.2902509713156,
            647.1106802072209,
            644.990631991505,
            644.811059834493,
            644.7115077530888,
            651.3936436533428,
            650.7539539339688
        ]
    },
    "125": {
        "message": null,
        "test SMAPE": 0.006175,
        "val SMAPE": 0.008372,
        "best model": {
            "auto": true
        },