{
    "123": {
        "message": null,
        "test SMAPE": 0.011247,
        "val SMAPE": 0.01354,
        "best model": {
            "thres up": 0.41,
            "thres down": 0.01,
            "interp kind": "linear",
            "use states": true,
            "auto": true
        },
        "y hats": [
            932.5110180272712,
            946.9643215887381,
            952.2993999249678,
            949.8773472138809,
            994.6431348281611,
            991.4703249679604,
            981.0207923414634,
            976.997267855209,
            981.8819295613831,
            968.5599429617306,
            980.6470990986212,
            970.3475868591632,
            962.910849614526,
            969.0667037824553,
            940.1705282209776,
            945.2184813755108,
            918.6619515428771,
            901.1671641272825,
            898.7153077701984,
            907.0225640093223,
            898.0952239473739,
            939.4506339172307,
            908.7251425510888,
            910.486823548946,
            920.7255080392014,
            917.8433485883096,
            926.3506454820223,
            916.1023739329477,
            900.0295414164033,
            901.8312329661859,
            907.2350403184874,
            899.4666974509462,
            904.6712902431868,
            901.7590319629829,
            910.5092170245345,
            923.2402338565744,
            938.1533136243968,
            937.6230264507307,
            953.5384714786562,
            979.7220017070749,
            970.8223486662944,
            979.0625429225177,
            981.634705735851,
            1008.6762797465793,
            1022.4990261927815,
            1034.5635415722313,
            1031.8251734475407,
            1031.547157537739,
            1066.3819147760776,
            1063.2820848728231,
            1064.7047559092912,
            1080.1440766107614,
            1085.886419569385,
            1060.9980071234288,
            1052.301898340585,
            1052.5240503590148,
            1080.1547114707766,
            1074.4729968815936,
            1031.3069244687151,
            1046.1710385384433,
            1041.9707958450579,
            1061.4497003937427,
            1057.9063018985426,
            1084.4624783326835,
            1106.4245889399472,
            1100.25835545189,
            1078.025500834761,
            1081.9049972151863,
            1052.8217283233275,
            1066.8640381165578,
            1050.3206781516817,
            1063.8869945381389,
            1067.195164378205,
            1071.7596154782143,
            1078.386066483108,
            1067.2506146926987,
            1067.1737892638728,
            1047.4741280299143,
            1045.5766403699135,
            1071.8900414266914,
            1072.651447579624,
            1069.6385757089708,
            1062.4116819614794,
            1075.2841087073307,
            1082.4410940831451,
            1098.495186960204,
            1096.4831635602384,
            1097.5503930202392,
            1121.5802057695566,
            1105.3200400227277,
            1120.0411057756512,
            1120.511458360932,
            1126.5800706359523,
            1152.03736648329,
            1153.8539625174287,
            1160.3708064353157,
            1165.1495688184898,
            1165.9113455477682,
            1148.0833514018088,
            1169.4819831631971,
            1167.3871308001528,
            1164.1646303036637
        ]
    },
    "124": {
        "message": null,
        "test SMAPE": 0.008396,
        "val SMAPE": 0.007418,
        "best model": {
            "thres up": 0.21,
            "thres down": 0.01,
            "interp kind": "linear",
            "use states": true,
            "auto": true
        },
        "y hats": [
            760.1170162927989,
            766.1971830785595,
            755.6604362736455,
            746.9131843698992,
            729.029124577443,
            737.4093124137559,
            736.1551857522296,
            731.9316302952557,
            734.3212375334327,
            714.8024341245066,
            725.466549699322,
            727.4688137436326,
            730.8276859517485,
            726.040820560628,
            727.2934822419127,
            734.6732963899068,
            743.107357576248,
            734.5222636207913,
            733.9056174444743,
            746.903746433561,
            748.1869021332714,
            747.7143774750709,
            751.3676612479597,
            748.0006484125984,
            751.000556863951,
            757.8756127079622,
            753.6381755079173,
            752.7995914856424,
            759.5931302368206,
            762.1985333448981,
            759.7819034484233,
            758.7762640263518,
            753.9390978290123,
            756.3534112004103,
            764.553955207877,
            765.0008670030603,
            765.3581081162033,
            771.1355449536902,
            771.0617673815956,
            774.7115965490212,
            775.2652202583604,
            776.2767647252539,
            764.5645443889284,
            769.8909151834744,
            773.8361794590477,
            766.2719610383074,
            762.5336814770305,
            751.7218514953057,
            755.6046418091369,
            756.9122090963098,
            756.6887775125189,
            744.6213233935509,
            736.4317945778297,
            737.0960079551628,
            727.2879904754026,
            725.7641627655818,
            709.6665268423645,
            722.2361498328868,
            727.7745775695868,
            712.9557551178762,
            709.9093446792215,
            689.7905987586522,
            693.0599656514635,
            659.4069896025214,
            673.2536690677297,
            674.1537864822759,
            671.5533743230869,
            662.8578257489223,
            654.6956130076129,
            670.7993823426912,
            669.0588682266335,
            648.5888636581248,
            640.7119005769747,
            616.7844263836294,
            611.5648644372776,
            614.6187418084754,
            620.3978971411065,
            640.4327377170337,
            636.1377895468245,
            645.2614834409221,
            645.572881903711,
            641.2492415953119,
            647.9579053613378,
            650.0635166595875,
            656.6332536602629,
            657.8860118709193,
            653.4589412560745,
            642.3439421741325,
            626.3674245985892,
            622.3106636042052,
            620.3006036857201,
            633.4476690464842,
            646.1156825425522,
            645.8270359609701,
            650.3485608921368,
            648.355311442737,
            648.0573567694267,
            645.5403072200742,
            645.32209288562,
            645.2019364593369,
            652.9150962599738,
            652.0151062528736
        ]
    },
    "125": {
        "message": null,
        "test SMAPE": 0.006182,
        "val SMAPE": 0.008274,
        "best model": {
            "thres up": 1.61,
            "thres down": 0.21,
            "interp kind": "linear",
            "use states": true,
            "auto": true
        },