{
    "123": {
        "message": null,
        "test SMAPE": 0.011695,
        "val SMAPE": 0.014015,
        "best model": {
            "thres up": 0.61,
            "thres down": 2.01,
            "interp kind": "linear",
            "use states": true,
            "n lag": 3,
            "tol": 0.01,
            "c": 0.1
        },
        "y hats": [
            933.3997792983201,
            951.1395711970414,
            955.8908762722359,
            952.13072605303,
            1003.121018214243,
            994.6833689389837,
            981.9876506899384,
            978.8505664532908,
            985.0685238700992,
            969.5456266774913,
            984.8523411902291,
            972.2856025802259,
            960.0851016653704,
            965.4594382377023,
            932.6070588767744,
            939.7423793222038,
            911.7283094391377,
            894.6117310137041,
            894.2905760384045,
            909.7885112656662,
            899.7007058007473,
            946.3454703122684,
            908.449440969664,
            912.305509918531,
            924.860298809428,
            920.3476613688163,
            930.0046222874225,
            917.574406568278,
            900.1252420949404,
            904.2022101008023,
            910.4299166109936,
            901.016924010051,
            907.5322043295527,
            903.9467967691536,
            913.9822589503718,
            927.5927970210957,
            942.908974645729,
            940.4182263934717,
            958.0745465077262,
            986.1497094354264,
            972.8821389035347,
            980.7934466223246,
            983.1998605885473,
            1012.9803890358239,
            1025.4215226425617,
            1036.6844838882598,
            1032.1868637526738,
            1031.9223626291953,
            1070.4704865975746,
            1063.5963534887997,
            1064.5843359806206,
            1081.635381018479,
            1086.479034759388,
            1058.3448939035236,
            1051.0940748559426,
            1052.9166161148046,
            1083.977829500334,
            1075.001340593285,
            1027.243293243331,
            1043.3366352685678,
            1037.467950912535,
            1066.3617855295172,
            1060.9862874760668,
            1090.9557154554607,
            1113.371342414133,
            1103.097462201364,
            1075.1415877103038,
            1082.267607148008,
            1048.2135087443774,
            1061.592561584872,
            1042.308633254059,
            1065.6654672593643,
            1071.3879265706871,
            1075.5864015835696,
            1082.5142169453054,
            1067.0925244360753,
            1068.1629413114808,
            1046.5589410693594,
            1040.1824025589494,
            1070.8191542345912,
            1069.38793394833,
            1064.94220193018,
            1057.0655379118066,
            1078.9974648233683,
            1086.8013286905605,
            1101.656233339823,
            1097.6156495334671,
            1098.6140438834448,
            1125.7032084696982,
            1104.7383012131315,
            1121.8280107850803,
            1121.412094289191,
            1127.6718834193625,
            1155.6351527159502,
            1154.7685900037047,
            1161.0758539251522,
            1165.7787869194592,
            1165.9625970258987,
            1145.860963800541,
            1171.7548400100825,
            1168.5570052715914,
            1164.3587293041892
        ]
    },
    "124": {
        "message": null,
        "test SMAPE": 0.008376,
        "val SMAPE": 0.007167,
        "best model": {
            "thres up": 1.61,
            "thres down": 1.81,
            "interp kind": "linear",
            "use states": true,
            "n lag": 14,
            "tol": 0.01,
            "c": 0.1
        },
        "y hats": [
            758.545070638626,
            765.0370608400615,
            753.4304133359972,
            745.5921399977651,
            728.1852078900548,
            736.2703540701602,
            735.2205682152841,
            730.8398594280418,
            733.3524583006013,
            714.0630521496623,
            725.5594373768121,
            727.3742584442941,
            730.2158426417764,
            725.0415418699389,
            726.3748753438714,
            733.7495242634552,
            742.2189425870614,
            735.1201975501491,
            734.8544332448358,
            748.1161977748577,
            748.8411056482996,
            748.0772657069053,
            752.1015469428439,
            748.7172201160162,
            751.796768525151,
            758.6402236011133,
            754.0996155911173,
            753.331072452674,
            760.3815735131382,
            762.7848503350514,
            760.2268558734744,
            759.4417349816766,
            754.8356384686172,
            757.6022378294281,
            766.2726353030206,
            766.1405211803707,
            766.282699767262,
            772.0860571280318,
            771.7741848588261,
            775.2881671418259,
            775.495183846904,
            776.5454511894318,
            765.0035950421023,
            770.9903068682167,
            775.0485468604279,
            766.4580626079501,
            763.2730693905334,
            752.0525147802925,
            755.2299935324135,
            756.3716439731368,
            756.1255191724396,
            743.1049297169379,
            735.6044950182547,
            736.9892615131039,
            727.3558954233899,
            726.090665165457,
            710.3479203016756,
            723.4172426783132,
            728.6381650667025,
            712.9967210813911,
            710.167528993204,
            690.6093186759197,
            694.6068200013185,
            661.1756573543605,
            676.0145128686313,
            676.7941813322068,
            673.4663595747174,
            664.4474905974253,
            656.3869203271463,
            673.0265321028121,
            669.7171947711988,
            648.6786370824142,
            641.3617721864213,
            618.6042620618547,
            614.0246790161029,
            617.8383175028857,
            623.2455829164583,
            643.2874957960264,
            638.577724156896,
            648.3084455614911,
            647.4369241007134,
            642.61712511847,
            650.343738159786,
            652.0077301009127,
            658.2530473154586,
            659.0626026979781,
            654.4092321516301,
            643.32270885485,
            627.4059944204968,
            623.0754138798338,
            621.1974349780471,
            634.457586787651,
            647.6742248247489,
            646.9666851935093,
            651.4196433524967,
            649.1005800581089,
            648.6812458282982,
            646.1670695738065,
            646.123583783694,
            646.0784971603691,
            654.1667678887433,
            652.9752440142322
        ]
    },
    "125": {
        "message": null,
        "test SMAPE": 0.007039,
        "val SMAPE": 0.008658,
        "best model": {
            "thres up": 1.41,
            "thres down": 0.01,
            "interp kind": "linear",
            "use states": true,
            "n lag": 14,
            "tol": 0.01,
            "c": 0.1
        },