{
    "123": {
        "message": null,
        "test SMAPE": 0.011292,
        "val SMAPE": 0.013408,
        "best model": {
            "n lag": 3,
            "tol": 0.01,
            "c": 0.1
        },
        "y hats": [
            932.8635935916494,
            946.9918018561573,
            952.6900020296628,
            950.1671036051268,
            994.3934276062495,
            992.214044008121,
            981.2039929508817,
            977.2105919368311,
            982.0888610234856,
            969.024133982029,
            982.5503125155724,
            972.8881650071451,
            965.0255927321228,
            971.1853433943141,
            942.8041018301885,
            945.7972228944609,
            921.3320633876832,
            903.2369455458886,
            900.8450742630912,
            909.1316416131395,
            898.8818404366548,
            939.488241773304,
            910.1436666315224,
            910.6116774989658,
            921.3556802700323,
            918.5965881364393,
            926.8066257974643,
            916.9266985171579,
            900.6754267057788,
            902.2881464248688,
            907.8482450442709,
            900.319837667774,
            905.1294455894995,
            902.5396666449687,
            910.9572898722645,
            923.7535736417375,
            938.6366934911499,
            938.412267700193,
            953.845962459949,
            980.0398810208287,
            971.0840766009898,
            976.9967719656198,
            979.9569590147147,
            1006.0190034643714,
            1020.171143887477,
            1031.7341677063102,
            1029.4509910332836,
            1028.989635634501,
            1062.2931044419558,
            1060.6207687956712,
            1060.9648488577711,
            1075.7305669862476,
            1081.7900355388228,
            1058.264290726406,
            1049.115632866994,
            1049.3775879157488,
            1076.2114002898534,
            1071.8355340033177,
            1031.5817540761373,
            1044.7211593201719,
            1043.8490104570149,
            1062.680730060404,
            1059.8414015834626,
            1085.5604459968265,
            1107.90934319077,
            1102.3115738263111,
            1077.8782998602912,
            1080.939402548552,
            1055.0853991904285,
            1066.092880735586,
            1048.7583049525413,
            1061.2145461744842,
            1066.7843004805711,
            1071.3128088007568,
            1077.8465889456675,
            1065.6114026896548,
            1064.967449342849,
            1046.252362804176,
            1043.7214438518622,
            1070.6566894852222,
            1075.6530293345486,
            1071.9863460489196,
            1064.9635764380862,
            1077.3852508254665,
            1085.0832190454232,
            1098.7245152505573,
            1097.2815226388766,
            1097.9509037434104,
            1121.320360477331,
            1106.5993625282636,
            1116.087791760648,
            1117.415946474157,
            1122.9769262407651,
            1147.6350008601642,
            1150.1557953904169,
            1156.141609652303,
            1161.073421900032,
            1161.920746943004,
            1144.9075831720982,
            1164.8717232376712,
            1163.9257427626874,
            1160.352315006505
        ]
    },
    "124": {
        "message": null,
        "test SMAPE": 0.008095,
        "val SMAPE": 0.007252,
        "best model": {
            "n lag": 14,
            "tol": 0.01,
            "c": 1
        },
        "y hats": [
            757.602157761329,
            762.8852089474309,
            753.1675314191176,
            745.964243149199,
            730.688907662668,
            737.8507206267999,
            736.8240022835546,
            732.8221667055246,
            734.9358661277197,
            717.9252721070721,
            726.7900498809458,
            728.2827927166555,
            730.9735492236038,
            726.9055253697971,
            727.5609829207548,
            734.1850323813163,
            741.3059214014946,
            734.1275625813307,
            733.7182403365869,
            744.9604711695115,
            745.9363287327791,
            745.8316879544868,
            749.2895532270622,
            746.7950237359598,
            749.533642305736,
            755.4275871473424,
            752.1382563059752,
            751.6648404900712,
            757.4311693987396,
            759.9965803379006,
            758.3734383726662,
            757.5653187578686,
            753.6865246729552,
            755.8186909001117,
            763.1708489876556,
            763.6786669639644,
            764.1775524686652,
            769.2048808069154,
            769.4430351922223,
            772.842765035695,
            773.9729053469433,
            775.1134598843531,
            765.2709936974007,
            769.673753522658,
            773.2427697098328,
            766.0872605102178,
            762.990202325248,
            753.5765625014625,
            756.9131485378225,
            757.8630041249473,
            757.9230165918002,
            746.8354649625404,
            739.4704632245712,
            739.8950853752519,
            731.1167003638301,
            729.2885779943147,
            714.979700778687,
            725.1858372279295,
            729.6819070978223,
            716.4468934843203,
            713.2661107102277,
            695.3741015832242,
            697.7044587902167,
            667.7515753383395,
            678.3767996214126,
            678.8211761436443,
            675.4944139892469,
            667.6097963326558,
            659.7028041802824,
            673.8005018900865,
            671.1494760735106,
            652.8018810397966,
            645.6331015647321,
            624.2586344104852,
            618.6122759417152,
            620.0790529072389,
            624.4141982622674,
            641.407974925837,
            637.2067358131308,
            646.1420387096332,
            645.4683502673503,
            641.8446654690476,
            648.2141389306772,
            649.715757544613,
            655.2883338185255,
            656.2948642951173,
            652.6910077230152,
            643.3187066676729,
            629.423833765439,
            625.4869660321104,
            623.3822654278581,
            634.0642492947509,
            644.7350209996691,
            644.597620587071,
            649.1517010595529,
            647.8607427462401,
            647.903170093677,
            645.6813312020954,
            645.2954444788766,
            645.1298059268161,
            651.6414236829318,
            650.9441268252752
        ]
    },
    "125": {
        "message": null,
        "test SMAPE": 0.00575,
        "val SMAPE": 0.008005,
        "best model": {
            "n lag": 3,
            "tol": 0.001,
            "c": 0.1
        },