{
    "123": {
        "message": null,
        "test SMAPE": 0.013152,
        "val SMAPE": 0.014238,
        "best model": {
            "thres up": 2.01,
            "thres down": 1.21,
            "interp kind": "linear",
            "use states": true,
            "n lag": 7,
            "struc": [
                12
            ],
            "max iter": 500
        },
        "y hats": [
            922.7241968487763,
            943.597848361555,
            957.5698270525938,
            953.1625930277041,
            981.0107243436039,
            989.6982688309016,
            977.2071625223386,
            980.1651437567695,
            985.9731812549905,
            958.4228239339981,
            987.710771715668,
            976.4260032558974,
            961.2702065179279,
            975.7672054878202,
            936.239054225084,
            939.2989124237198,
            924.6864334789988,
            894.3917466266215,
            907.3444899300023,
            921.9981693831662,
            906.4756695732013,
            931.6564512114626,
            901.7160534699626,
            912.2956993508004,
            911.1905939708256,
            908.6807919410077,
            932.7323570958331,
            924.9169770751673,
            886.4702803399747,
            905.3834233704298,
            915.4613788784748,
            904.2456652594387,
            911.6951406273689,
            908.4756600565527,
            911.1747949977821,
            930.6720411587106,
            928.4454388759416,
            938.8140150988421,
            960.9751351770748,
            989.8605215354982,
            970.9332281005572,
            984.868119770867,
            984.354432523952,
            1010.849440489728,
            1031.6676613532522,
            1042.7011751169412,
            1030.9889769781848,
            1029.9494144529274,
            1072.9511671150278,
            1065.6410766994572,
            1067.8193682743893,
            1084.4279345351174,
            1079.791452351901,
            1041.781152090237,
            1036.885169466227,
            1049.8384263606617,
            1084.2677065649655,
            1081.6539387387286,
            1023.7072992032809,
            1046.334299028445,
            1047.8580034340168,
            1059.6156221907784,
            1074.3042877150608,
            1074.5236778814092,
            1112.4060066163981,
            1102.5211628278705,
            1057.7371173727188,
            1075.2591548456398,
            1043.3900506403045,
            1061.7988556262765,
            1063.1433175045784,
            1067.5907935812033,
            1084.0553904450487,
            1078.7962964911321,
            1084.0356410380716,
            1065.9074820178882,
            1059.6112551413148,
            1043.7025831293654,
            1040.4664454430529,
            1087.8738397811446,
            1086.1922995531784,
            1071.272940310231,
            1067.183499231907,
            1074.5379757333255,
            1068.9811914397271,
            1103.1126091698386,
            1096.9244197441942,
            1098.8899314358343,
            1128.9560259703414,
            1100.127735943134,
            1125.2997221123499,
            1125.6940981338867,
            1122.5955079922592,
            1155.9258442383937,
            1156.4347245562387,
            1159.3177053117672,
            1169.7983379497423,
            1161.4435439390236,
            1144.4359559710872,
            1178.0027936948115,
            1166.026992602528,
            1162.9314402619402
        ]
    },
    "124": {
        "message": null,
        "test SMAPE": 0.008786,
        "val SMAPE": 0.007539,
        "best model": {
            "thres up": 0.01,
            "thres down": 1.41,
            "interp kind": "linear",
            "use states": true,
            "n lag": 7,
            "struc": [
                12,
                6
            ],
            "max iter": 500
        },
        "y hats": [
            762.8166549865455,
            765.9643043441768,
            755.3403620080574,
            736.9824174478744,
            732.2024687981481,
            735.1394260915179,
            743.1517090493901,
            733.9047539930428,
            737.9095729946108,
            713.1298659834525,
            730.0245879085963,
            733.257040785589,
            731.5341151925065,
            728.9571878486979,
            728.8421585747444,
            738.4209989167383,
            742.5609107945788,
            735.9058398929645,
            734.2758929770891,
            747.8375628543881,
            749.9579670181812,
            747.1473726087783,
            749.4493952415406,
            750.3309496015523,
            753.0006445235115,
            757.2016399851655,
            754.8066931046728,
            753.9411146777894,
            759.6351750312073,
            763.8580398387534,
            761.1183159743631,
            758.9534006545754,
            756.1459671260328,
            759.3364491442743,
            765.8188426456018,
            765.2941715796851,
            765.4345486174547,
            770.7578599709983,
            772.1666816525724,
            776.2908843045475,
            775.4529206583455,
            776.4279046847181,
            767.8414774756249,
            771.4128085905752,
            777.0617626520032,
            767.5421386044594,
            764.3258962199141,
            746.6735909728803,
            755.5170032654482,
            761.8907818010831,
            759.5831665430069,
            748.814030175817,
            731.6379363575387,
            740.2829941106316,
            731.8257149099118,
            726.4297965443528,
            716.0580864362687,
            729.7882942550369,
            733.6682125856686,
            717.7623701308047,
            704.1274476141833,
            696.8378716752641,
            695.8400241324141,
            663.7732699288246,
            678.0703253082665,
            698.7285766095497,
            676.4199703853554,
            670.8173391112568,
            655.8492331220942,
            674.883640947602,
            669.8100443533524,
            651.1135094154026,
            643.8143257599937,
            628.8311784035197,
            619.4105559689203,
            624.1538676046803,
            629.3695144760093,
            643.9428497388512,
            640.1639441740064,
            644.5230197996765,
            648.7836077866718,
            642.6393264526589,
            652.5295353901901,
            649.7635880947902,
            658.5723233432185,
            657.5638123344379,
            653.9864900650164,
            647.1035630483698,
            623.658984419262,
            624.7918264997427,
            623.6768451171338,
            638.0872498647645,
            644.337826069687,
            642.9558783584997,
            649.0317410834297,
            648.5413899741812,
            651.3034024757812,
            649.8457211181019,
            647.1595940603862,
            647.8473357777667,
            652.7871127028384,
            652.2135895896387
        ]
    },
    "125": {
        "message": null,
        "test SMAPE": 0.008146,
        "val SMAPE": 0.008816,
        "best model": {
            "thres up": 1.81,
            "thres down": 1.61,
            "interp kind": "linear",
            "use states": true,
            "n lag": 14,
            "struc": [
                12,
                6
            ],
            "max iter": 500
        },