{
    "T6": {
        "message": null,
        "test SMAPE": 0.331683,
        "val SMAPE": 0.306391,
        "best model": {
            "n lag": 1,
            "alpha": 0.3,
            "l1 ratio": 0.5
        },
        "y hats": [
            3254.9453943316316,
            3281.504041084674,
            3685.2033249274587
        ]
    },
    "T7": {
        "message": null,
        "test SMAPE": 0.292615,
        "val SMAPE": 0.443138,
        "best model": {
            "n lag": 1,
            "alpha": 0.1,
            "l1 ratio": 0.1
        },
        "y hats": [
            2797.704544674297,
            2902.81715244109,
            2776.429862774897
        ]
    },
    "T8": {
        "message": null,
        "test SMAPE": 0.549731,
        "val SMAPE": 0.19074,
        "best model": {
            "n lag": 1,
            "alpha": 0.1,
            "l1 ratio": 0.1
        },
        "y hats": [
            3039.2437308564204,
            2633.4666131701306,
            2777.770715360404
        ]
    }
}