{
    "T6": {
        "message": null,
        "test SMAPE": 0.421041,
        "val SMAPE": 0.33415,
        "best model": {
            "thres up": 0.32,
            "thres down": 0.02,
            "n lag": 2,
            "alpha": 0.3,
            "l1 ratio": 0.1
        },
        "y hats": [
            3023.679370134079,
            3413.509342335291,
            4695.118535496407
        ]
    },
    "T7": {
        "message": null,
        "test SMAPE": 0.474183,
        "val SMAPE": 0.515619,
        "best model": {
            "thres up": 0.32,
            "thres down": 0.02,
            "n lag": 2,
            "alpha": 0.1,
            "l1 ratio": 0.1
        },
        "y hats": [
            3341.0662497614057,
            2627.743984533953,
            3724.4125376092575
        ]
    },
    "T8": {
        "message": null,
        "test SMAPE": 0.514973,
        "val SMAPE": 0.155662,
        "best model": {
            "thres up": 0.92,
            "thres down": 0.32,
            "n lag": 1,
            "alpha": 0.3,
            "l1 ratio": 0.5
        },
        "y hats": [
            2815.436858704976,
            2190.558985083718,
            2396.146047961429
        ]
    }
}