{
    "T6": {
        "message": null,
        "test SMAPE": 0.30198,
        "val SMAPE": 0.45707,
        "best model": {
            "thres up": 0.32,
            "thres down": 0.62,
            "seasonal periods": 12,
            "trend": "add",
            "seasonal": "mul",
            "damped trend": true
        },
        "y hats": [
            3571.1594092036107,
            3572.32233872969,
            4010.8596296962196
        ]
    },
    "T7": {
        "message": null,
        "test SMAPE": 0.281698,
        "val SMAPE": 0.599457,
        "best model": {
            "thres up": 0.02,
            "thres down": 0.02,
            "seasonal periods": 12,
            "trend": "mul",
            "seasonal": "add",
            "damped trend": false
        },
        "y hats": [
            3228.881368261399,
            4219.057351050907,
            3384.6424369211213
        ]
    },
    "T8": {
        "message": null,
        "test SMAPE": 0.36543,
        "val SMAPE": 0.235454,
        "best model": {
            "thres up": 0.92,
            "thres down": 0.32,
            "seasonal periods": 12,
            "trend": "add",
            "seasonal": "mul",
            "damped trend": false
        },
        "y hats": [
            2280.06287204761,
            2003.5653628975635,
            2896.432853817101
        ]
    }
}