{
    "T6": {
        "message": null,
        "test SMAPE": 0.299927,
        "val SMAPE": 0.521428,
        "best model": {
            "n lag": 1,
            "alpha": 0.3,
            "l1 ratio": 0.5
        },
        "y hats": [
            3286.6877252178365,
            3317.19990141969,
            3163.7150066876357,
            3430.4484401578347,
            3107.6045040853733,
            3081.7327209500395,
            3449.643423370568,
            2991.6152800064924,
            3186.0717774054,
            3158.895025280637,
            3464.088714154746,
            3487.0219662660475,
            3254.9453943316316,
            3281.504041084674,
            3685.2033249274587
        ]
    },
    "T7": {
        "message": null,
        "test SMAPE": 0.430458,
        "val SMAPE": 0.400848,
        "best model": {
            "n lag": 2,
            "alpha": 0.3,
            "l1 ratio": 0.5
        },
        "y hats": [
            2815.4204050670387,
            2738.4243483582895,
            2768.8405029403334,
            3016.0567968762593,
            2973.9493603861815,
            2719.6734056610007,
            2639.9044261648264,
            3386.0779262947863,
            2889.130389269107,
            2826.924410947423,
            2781.2926722394236,
            2959.8139339012723,
            2754.363950182901,
            2930.2189612716957,
            2765.372306354559
        ]
    },
    "T8": {
        "message": null,
        "test SMAPE": 0.313288,
        "val SMAPE": 0.294064,
        "best model": {
            "n lag": 2,
            "alpha": 0.3,
            "l1 ratio": 0.5
        },
        "y hats": [
            2549.7372449998493,
            2610.2476375172732,
            3515.3509300814244,
            3538.1147089299884,
            3557.0714973328604,
            2476.870550873073,
            3633.3845824074897,
            2886.070769318458,
            3079.4601097642662,
            3420.318488585895,
            3168.509964454124,
            2994.788287649568,
            3286.245738013656,
            2622.9987148541068,
            3265.0201653234863
        ]
    }
}