{
    "T6": {
        "message": null,
        "test SMAPE": 0.329347,
        "val SMAPE": 0.501021,
        "best model": {
            "thres up": 0.41,
            "thres down": 0.01,
            "n lag": 2,
            "alpha": 0.3,
            "l1 ratio": 0.1
        },
        "y hats": [
            4264.652182314497,
            3553.7138878168225,
            3075.684913847533,
            4088.959879567538,
            3028.7493353069876,
            2999.142048318239,
            4267.646055894598,
            2535.954724310147,
            3574.6599102897767,
            3112.0025251460393,
            4470.444825191569,
            3999.2409638111594,
            3091.664821032551,
            3447.2256260137947,
            4893.199065019531
        ]
    },
    "T7": {
        "message": null,
        "test SMAPE": 0.497923,
        "val SMAPE": 0.519968,
        "best model": {
            "thres up": 0.01,
            "thres down": 0.01,
            "n lag": 1,
            "alpha": 0.3,
            "l1 ratio": 0.5
        },
        "y hats": [
            2758.018505003727,
            2605.2296239245416,
            3400.3175774290758,
            3565.320640355627,
            2770.696320915679,
            2183.2767074147673,
            4872.883822560536,
            2738.3701277945866,
            2590.293082033798,
            2786.5870377837464,
            3488.2827872080243,
            2694.3578056301094,
            3246.148465879951,
            2940.9424514355514,
            3393.729509955596
        ]
    },
    "T8": {
        "message": null,
        "test SMAPE": 0.285418,
        "val SMAPE": 0.289971,
        "best model": {
            "thres up": 0.81,
            "thres down": 0.41,
            "n lag": 2,
            "alpha": 0.1,
            "l1 ratio": 0.1
        },
        "y hats": [
            2115.5087235135993,
            2451.14422327958,
            3182.376161565182,
            3465.6165796927016,
            3735.1775597931683,
            1701.1878919972078,
            3612.282884047643,
            2386.6902296531944,
            2565.9111435508144,
            3199.3461657955713,
            2876.8379024433143,
            2546.8834677097248,
            3043.9903190042146,
            1884.6606139300643,
            2778.2094697953416
        ]
    }
}