{
    "T6": {
        "message": null,
        "test SMAPE": 0.446134,
        "val SMAPE": 0.498559,
        "best model": {
            "thres up": 0.01,
            "thres down": 0.81,
            "seasonal periods": 12,
            "trend": "add",
            "seasonal": "mul",
            "damped trend": false
        },
        "y hats": [
            6015.370365905971,
            5920.300380061573,
            3026.3156289929493,
            3953.0128980684326,
            3391.778603478716,
            3208.7069107943503,
            6798.560583661626,
            1963.77157250763,
            3401.639412947069,
            2352.261296880388,
            6704.234115528328,
            6163.164871042407,
            3743.2785097249407,
            4106.485766209434,
            5329.994657330411
        ]
    },
    "T7": {
        "message": null,
        "test SMAPE": 0.650467,
        "val SMAPE": NaN,
        "best model": {
            "thres up": 0.81,
            "thres down": 0.01,
            "seasonal periods": 12,
            "trend": "mul",
            "seasonal": "add",
            "damped trend": true
        },
        "y hats": [
            3011.07768358309,
            2478.7949657310733,
            3623.4698666142594,
            4710.1542114513295,
            3089.9036540432917,
            1469.0064605627358,
            9209.339607385842,
            2214.2107854863275,
            1098.6664299562508,
            2353.6353604541196,
            9798.924152859934,
            2654.2857618379367,
            4326.81559370302,
            3474.333991443174,
            2857.321747705613
        ]
    },
    "T8": {
        "message": null,
        "test SMAPE": 0.406465,
        "val SMAPE": 0.150203,
        "best model": {
            "thres up": 0.81,
            "thres down": 0.41,
            "seasonal periods": 12,
            "trend": "mul",
            "seasonal": "mul",
            "damped trend": true
        },
        "y hats": [
            2202.183287842363,
            1838.0856815426919,
            2376.3695697829753,
            3756.0968238440196,
            3291.014213840715,
            2816.291494038883,
            3331.8245450726495,
            4551.290071720562,
            6378.264758973721,
            4166.900828540543,
            3487.941566749289,
            3451.0155686553885,
            3160.734984561149,
            2288.1295909632613,
            2875.4790055264993
        ]
    }
}
