{
    "T6": {
        "message": null,
        "test SMAPE": 0.298412,
        "val SMAPE": 0.489032,
        "best model": {
            "seasonal periods": 12,
            "trend": "add",
            "seasonal": "mul",
            "damped trend": false
        },
        "y hats": [
            3928.8571366946476,
            4490.343354783411,
            5379.040713090747,
            2722.867940798021,
            4734.073290792976,
            3912.7373599342245,
            4517.8979783192735,
            4000.7750243006767,
            4218.597272335527,
            3713.1833283862884,
            4110.59713998733,
            4522.743356513653,
            4392.296978735318,
            5065.795141146074,
            5067.005154012414
        ]
    },
    "T7": {
        "message": null,
        "test SMAPE": 0.431424,
        "val SMAPE": 0.495545,
        "best model": {
            "seasonal periods": 12,
            "trend": "mul",
            "seasonal": "add",
            "damped trend": false
        },
        "y hats": [
            2872.417624006047,
            4124.078200455912,
            3268.805518160893,
            3395.025754650634,
            3075.7266162307483,
            4385.571090359845,
            4079.6260554052715,
            3976.3793373654034,
            2409.836372289352,
            2050.5610244387362,
            3801.964269280176,
            2670.086523550458,
            2955.3777547102486,
            4379.512619656642,
            2796.35064297612
        ]
    },
    "T8": {
        "message": null,
        "test SMAPE": 1.095574,
        "val SMAPE": 0.204612,
        "best model": {
            "seasonal periods": 12,
            "trend": "add",
            "seasonal": "add",
            "damped trend": true
        },
        "y hats": [
            3982.088656975851,
            3567516.5893247696,
            3924116.809818743,
            15031846.245014958,
            4965.62280691058,
            8147765.747687829,
            9660148.081125628,
            13480076.065589828,
            4505.020541933593,
            3076.6111584527334,
            3448.848703701057,
            3400.5265027148116,
            2417.5798042421766,
            1572.3673429501766,
            2091.1853409181076
        ]
    }
}
