{
    "T6": {
        "message": null,
        "test SMAPE": 0.329347,
        "val SMAPE": 0.501021,
        "best model": {
            "thres up": 0.41,
            "thres down": 0.01,
            "n lag": 2,
            "struc": [
                0
            ],
            "max iter": 500
        },
        "y hats": [
            4264.6527517848035,
            3553.71373072422,
            3075.6846428797335,
            4088.9602544780573,
            3028.749256780089,
            2999.1419996099667,
            4267.646669617664,
            2535.954556879898,
            3574.6603566037547,
            3112.0024526484035,
            4470.445033938776,
            3999.2407920572714,
            3091.664380292773,
            3447.225666862545,
            4893.199765935569
        ]
    },
    "T7": {
        "message": null,
        "test SMAPE": 0.497923,
        "val SMAPE": 0.519968,
        "best model": {
            "thres up": 0.01,
            "thres down": 0.01,
            "n lag": 1,
            "struc": [
                0
            ],
            "max iter": 500
        },
        "y hats": [
            2758.0184525987884,
            2605.229531434612,
            3400.317708789591,
            3565.320812015449,
            2770.6962649634224,
            2183.27648577072,
            4872.884462724597,
            2738.370028456825,
            2590.2929400700655,
            2786.5869677658284,
            3488.282977034494,
            2694.3576810462564,
            3246.148577049568,
            2940.9424242109526,
            3393.729684142263
        ]
    },
    "T8": {
        "message": null,
        "test SMAPE": 0.285418,
        "val SMAPE": 0.289971,
        "best model": {
            "thres up": 0.81,
            "thres down": 0.41,
            "n lag": 2,
            "struc": [
                0
            ],
            "max iter": 500
        },
        "y hats": [
            2115.5079017604958,
            2451.144093013787,
            3182.3764776554794,
            3465.6169627217814,
            3735.1779814711736,
            1701.1870750049782,
            3612.2833555696197,
            2386.6898737981383,
            2565.910996338719,
            3199.346429945229,
            2876.837906098312,
            2546.88327568645,
            3043.9904842895608,
            1884.66002548077,
            2778.209770842851
        ]
    }
}