{
    "T6": {
        "message": null,
        "test SMAPE": 0.299927,
        "val SMAPE": 0.521428,
        "best model": {
            "n lag": 1,
            "struc": [
                0
            ],
            "max iter": 500
        },
        "y hats": [
            3286.6879755871405,
            3317.200071678165,
            3163.715059071874,
            3430.44863784054,
            3107.6044955468637,
            3081.732698094283,
            3449.64363256073,
            2991.615159227495,
            3186.071822823237,
            3158.8950429619,
            3464.0889717634523,
            3487.0221463821845,
            3254.945418458485,
            3281.50407909292,
            3685.203590167836
        ]
    },
    "T7": {
        "message": null,
        "test SMAPE": 0.430458,
        "val SMAPE": 0.400848,
        "best model": {
            "n lag": 2,
            "struc": [
                0
            ],
            "max iter": 500
        },
        "y hats": [
            2815.4204003557147,
            2738.424289562861,
            2768.840536413435,
            3016.0569793982636,
            2973.949440217004,
            2719.6732759013935,
            2639.903906438031,
            3386.078387002242,
            2889.130416345644,
            2826.9243710215687,
            2781.2925060322978,
            2959.81411635179,
            2754.3637933698833,
            2930.2190522002898,
            2765.3721748161556
        ]
    },
    "T8": {
        "message": null,
        "test SMAPE": 0.313288,
        "val SMAPE": 0.294064,
        "best model": {
            "n lag": 2,
            "struc": [
                0
            ],
            "max iter": 500
        },
        "y hats": [
            2549.7367640473494,
            2610.247259803811,
            3515.3511180368205,
            3538.114915070135,
            3557.071712369584,
            2476.8701061079764,
            3633.384850855276,
            2886.0705656725486,
            3079.460035231816,
            3420.3186490778717,
            3168.509967940016,
            2994.788181081797,
            3286.2458394706496,
            2622.998381955844,
            3265.020340694272
        ]
    }
}