{
    "0": {
        "message": null,
        "test SMAPE": 0.021294,
        "val SMAPE": 0.018809,
        "best model": {
            "n lag": 36
        },
        "y hats": [
            809.7667677874191,
            756.3099935093209,
            672.6996546028805,
            598.2984931895867,
            572.4094154946932,
            517.0002069374741,
            483.5938984504519,
            477.11797511590345,
            488.65987903878545,
            490.2780732224554,
            540.5510471261322,
            560.1450671890435,
            633.1868312229188,
            701.2872283671896,
            764.8396790361531,
            853.185830763772,
            919.5159396411331,
            938.704965265707,
            923.57161130346,
            897.0215271239914,
            848.0912313699445,
            811.9846678318528,
            773.7482670693097,
            780.2848827531465,
            737.1053510367154,
            710.1540041418382,
            640.6459196330183,
            575.4702760855462,
            539.5974235773291,
            529.3253619120163,
            470.6873857585921,
            470.1913688497682,
            467.59296495193746,
            485.3225836352348,
            502.53573176066396,
            530.6966919091357,
            583.1250192945167,
            637.6345000857858,
            707.1415741448815,
            777.941107267103,
            822.329120362541,
            860.6523576108866,
            903.2147021648766,
            893.5085748148538,
            890.3744220682014,
            880.5369669131725,
            832.3840430578135,
            755.5043971141054,
            723.2361500623791,
            702.6698438242003,
            647.2743276162583,
            576.7981258123376,
            528.3840425409632,
            500.84100919163285,
            473.4840386283031,
            471.3812033356666,
            477.3416589508196,
            473.0315152304054,
            489.24162219673167,
            523.4280235914988,
            554.2315704394687,
            617.0654928344819,
            676.6256481629504,
            751.4862165427695,
            813.9148324753827,
            848.877462312107,
            843.4224471189754,
            827.368632203033,
            811.0394689703712,
            771.319713047622,
            785.5581795384899,
            764.7132142580042,
            722.9486674171349,
            693.6956473901489
        ]
    },
    "1": {
        "message": null,
        "test SMAPE": 0.020972,
        "val SMAPE": 0.012249,
        "best model": {
            "n lag": 36
        },
        "y hats": [
            3712.1088835548317,
            3524.946516692092,
            3240.223920214678,
            2796.1164347459007,
            2475.0202251539486,
            2298.9005955528605,
            2174.6805365336013,
            2021.7306043272638,
            2046.1072874445972,
            2127.6410426067937,
            2168.426405580745,
            2414.3132984980903,
            2602.7473339140397,
            2790.3455740243444,
            3035.9578753339906,
            3250.7012497648143,
            3416.974683900619,
            3521.458305533561,
            3660.8262800354732,
            3721.4478154195053,
            3750.503160017384,
            3709.5148963384336,
            3645.7973157605306,
            3541.2173700057156,
            3324.7742141748454,
            3051.4064678656605,
            2845.051821449035,
            2484.459231455849,
            2169.8738127258734,
            2037.3219526572148,
            1794.6121644831544,
            1744.4867965627884,
            1799.539925106709,
            1837.6393036635732,
            1947.2362260190012,
            2067.01781111043,
            2189.911371950594,
            2374.4367613202635,
            2591.314582459254,
            2798.1787757113016,
            2954.249540318101,
            3090.588388790802,
            3182.2766710286633,
            3237.65056470728,
            3247.0428205416856,
            3268.9880875337003,
            3194.0137191767426,
            3061.58658413422,
            2862.928247782669,
            2708.57418000336,
            2608.3293790708785,
            2247.1654193803543,
            1991.5109589780632,
            1848.4823004484576,
            1664.2987005762782,
            1688.8217796430238,
            1627.9752758198629,
            1694.064586548454,
            1820.6845905851942,
            1941.231047964463,
            2076.582205929069,
            2284.541499563526,
            2520.6181898979153,
            2751.011272576697,
            2926.7733655935035,
            3106.205485365567,
            3269.4600123203613,
            3361.7234269175915,
            3470.8765175381054,
            3496.163422675377,
            3472.195408881933,
            3290.301123160086,
            3016.0252754143967,
            2844.5537577305486
        ]
    },
    "2": {
        "message": null,
        "test SMAPE": 0.01557,
        "val SMAPE": 0.016608,
        "best model": {
            "n lag": 36
        },
        "y hats": [
            1341.074461592277,
            1330.9164687136688,
            1313.0581607340634,
            1280.1794183033342,
            1183.3217459980042,
            1059.3671040582085,
            953.7336400180754,
            892.4117639057416,
            858.2196156798284,
            850.3212822170148,
            870.135596339791,
            935.81849642652,
            1013.0116547969038,
            1125.2953555549684,
            1183.3790745585873,
            1237.7393816148058,
            1245.9515641467672,
            1315.1472213760626,
            1363.089350497129,
            1423.0443828772547,
            1455.5187725063636,
            1503.3680875277353,
            1504.4302999766473,
            1554.8108092210994,
            1538.0203860139234,
            1509.2009834598418,
            1441.1555098679175,
            1346.3097049143996,
            1232.7997422097862,
            1079.7161665452352,
            1018.2989495595891,
            957.7276426208246,
            927.3120268930446,
            916.3630056982005,
            924.7188465919646,
            994.5408464818059,
            1089.2986214462078,
            1190.2740968750102,
            1266.0257260140163,
            1299.7690576811576,
            1337.1986815764408,
            1407.4773992408136,
            1470.859961406406,
            1582.0255502882615,
            1638.6404370358628,
            1695.349239436522,
            1730.365337249575,
            1746.5531981485183,
            1709.7479785497285,
            1655.3088022709344,
            1598.9250838563323,
            1495.1839973367832,
            1350.6602920312532,
            1190.0078113241966,
            1081.3525915885925,
            998.4917866729949,
            969.181533522357,
            940.7828201760562,
            944.2449726754317,
            992.7971726277123,
            1061.1090628899713,
            1155.2630184024747,
            1267.158951904239,
            1355.6116492930946,
            1445.2048283089455,
            1540.0989616354811,
            1609.4187948047436,
            1698.5639632956143,
            1753.1330738418303,
            1789.5455110836692,
            1804.5211915143868,
            1806.2401133380422,
            1737.716946972886,
            1678.8218624746542
        ]
    }
}