{
    "0": {
        "message": null,
        "test SMAPE": 0.026333,
        "val SMAPE": 0.028827,
        "best model": {
            "thres up": 0.01,
            "thres down": 0.21,
            "n lag": 12,
            "struc": [
                30
            ],
            "max iter": 2000
        },
        "y hats": [
            826.875757973471,
            789.62280882071,
            734.2925107235724,
            652.4897583479836,
            567.5494844641635,
            514.4544245348513,
            484.880564414459,
            484.3568980819416,
            479.8787574391132,
            492.1341817073856,
            510.5559931600458,
            530.7636782677249,
            588.9060640963279,
            651.9125358570853,
            727.0562049521436,
            822.1270485125328,
            905.4237489005657,
            940.5528792058352,
            934.647564174638,
            872.8920081576822,
            825.9442069795504,
            787.2668080883287,
            754.4504592953076,
            751.1561117374954,
            721.6709541526542,
            697.4585190799619,
            651.2239500212094,
            585.703264442594,
            549.6567887494707,
            518.2712957495979,
            477.0106582511396,
            470.1289204496401,
            452.2851562572229,
            468.208395569508,
            492.52627309290796,
            518.0842035442471,
            556.174743480498,
            601.5245424484407,
            670.152417795905,
            754.6261438726478,
            819.4943744307918,
            885.7526402142821,
            922.8947919285439,
            919.9611879644599,
            900.4608257475891,
            866.169217141401,
            820.3887356228144,
            763.0636471297199,
            722.9518227722692,
            707.7286068743551,
            663.826590856282,
            585.0644715705439,
            514.4860545326547,
            472.6405410296122,
            467.31025126988135,
            467.399895855386,
            474.5103261300588,
            469.18053085599246,
            472.8553109058692,
            504.76589268299597,
            555.9557520250443,
            612.9084511189328,
            673.5391285472277,
            752.2212406151164,
            825.9731230928255,
            871.7332551601077,
            880.617592054254,
            847.0430649575767,
            817.6519191723163,
            784.7732176453175,
            746.178521356453,
            716.3783516692291,
            683.9005969745278,
            665.8371356835322
        ]
    },
    "1": {
        "message": null,
        "test SMAPE": 0.028958,
        "val SMAPE": 0.027961,
        "best model": {
            "thres up": 0.41,
            "thres down": 0.21,
            "n lag": 12,
            "struc": [
                30
            ],
            "max iter": 2000
        },
        "y hats": [
            3667.4898928690395,
            3469.1682638732887,
            3275.5920823678607,
            2930.2822166558,
            2525.660282499985,
            2209.32705579099,
            2077.543952443526,
            1983.8288939889803,
            2052.673558774698,
            2097.287909254985,
            2177.231570060904,
            2221.2223289195786,
            2390.045322330634,
            2626.823472839789,
            2888.1905565869224,
            3120.436196056416,
            3371.035479923014,
            3610.5339878632485,
            3785.021511581822,
            3866.029563350154,
            3790.2372515544603,
            3713.1502671778835,
            3605.375261870254,
            3608.6874470627204,
            3387.909984277219,
            3156.134448087405,
            2957.6450278168627,
            2658.316184100401,
            2281.5113136810332,
            1983.089424605551,
            1772.3852531893756,
            1727.4736758970091,
            1828.2614362761028,
            1929.4856506271237,
            2037.6678093845078,
            2045.77339602738,
            2203.7062315797216,
            2384.1012600768345,
            2569.2920144763775,
            2799.669585759863,
            3070.9948865768897,
            3275.8344413196737,
            3408.4333291259895,
            3412.870569987648,
            3413.928811667345,
            3373.664200676683,
            3281.9698629395757,
            3148.0746796853305,
            2996.5380789133146,
            2814.4344267767146,
            2650.3471515449996,
            2389.6770540057855,
            2048.9428127731926,
            1779.8693813426414,
            1594.647505451007,
            1574.4271513227752,
            1630.1154664798719,
            1671.2663721984945,
            1802.0596468536842,
            1932.0995261595801,
            2099.705856452499,
            2294.232651272327,
            2522.7376039904343,
            2782.3919830888353,
            3049.9168362461573,
            3257.8513869092662,
            3389.233355621879,
            3502.072803293059,
            3615.2459693248397,
            3631.390566349987,
            3569.7363456398025,
            3486.537592937512,
            3120.9706965169553,
            2880.288867989227
        ]
    },
    "2": {
        "message": null,
        "test SMAPE": 0.036929,
        "val SMAPE": 0.033402,
        "best model": {
            "thres up": 0.01,
            "thres down": 0.21,
            "n lag": 24,
            "struc": [
                30
            ],
            "max iter": 2000
        },
        "y hats": [
            1270.206253940362,
            1250.401818034845,
            1271.0862061879652,
            1243.2620577356308,
            1180.1318724147707,
            1087.9792396647408,
            1002.5238111718699,
            915.2605686569935,
            849.0664772738144,
            815.0257093997143,
            812.5377444895781,
            857.9306276222155,
            881.5554210791538,
            995.6278623299895,
            1089.9065943924716,
            1196.073445383386,
            1254.4147322934673,
            1305.7493241560676,
            1337.2837828517563,
            1395.928092546153,
            1461.5664688811007,
            1505.864067904426,
            1511.1553561478818,
            1518.22819288247,
            1492.421102069951,
            1486.9351641543437,
            1469.0266379466607,
            1395.5442351084457,
            1310.7248352252718,
            1169.3636417649486,
            1036.760416064361,
            943.4205253284878,
            889.9838459972198,
            861.0853554035241,
            850.7822358150227,
            894.1614491935638,
            938.0627796041408,
            1075.13016343723,
            1201.697664395483,
            1291.3516541194579,
            1403.4219463150914,
            1438.849661399864,
            1502.2180274040763,
            1589.6435957334743,
            1645.8814256227317,
            1707.9210344167454,
            1722.151908766648,
            1719.266203835716,
            1693.3220496210422,
            1672.9936302755348,
            1607.9645276858923,
            1516.4940455556628,
            1379.8129662710876,
            1218.1994561921613,
            1098.8221362423396,
            988.0976233438731,
            935.2345778381742,
            894.8776172812518,
            883.7777688492048,
            908.4894244654506,
            963.8464895960409,
            1089.7100027412152,
            1242.0669999687505,
            1357.0402500017735,
            1460.4373575727805,
            1523.070443864091,
            1586.732100334689,
            1688.9023929963832,
            1744.8509650684227,
            1772.2022762642061,
            1796.455174743507,
            1783.7169175659121,
            1737.8200767621167,
            1707.494543055758
        ]
    }
}