{
    "T6": {
        "message": null,
        "test SMAPE": 0.199306,
        "val SMAPE": 0.191747,
        "best model": {
            "thres up": 0.3,
            "thres down": 0.1,
            "n lag": 1,
            "alpha": 0.1,
            "l1 ratio": 0.1
        },
        "y hats": [
            4405.064581518826,
            3346.477399370313,
            4152.519401454672,
            3035.873441137243
        ]
    },
    "T7": {
        "message": null,
        "test SMAPE": 0.416127,
        "val SMAPE": 0.226487,
        "best model": {
            "thres up": 0.3,
            "thres down": 0.1,
            "n lag": 2,
            "alpha": 0.1,
            "l1 ratio": 0.1
        },
        "y hats": [
            3182.4498932546066,
            3335.6763902360613,
            2622.9050430411007,
            3588.247518294436
        ]
    },
    "T8": {
        "message": null,
        "test SMAPE": 0.383663,
        "val SMAPE": 0.170736,
        "best model": {
            "thres up": 0.3,
            "thres down": 0.3,
            "n lag": 1,
            "alpha": 0.8,
            "l1 ratio": 0.5
        },
        "y hats": [
            2714.515042838796,
            2893.4296579317634,
            2167.969924784507,
            2479.187802996015
        ]
    }
}