{
    "474": {
        "message": null,
        "test SMAPE": 0.050177,
        "val SMAPE": 0.032952,
        "best model": {
            "n lag": 5,
            "alpha": 100,
            "l1 ratio": 0.91
        },
        "y hats": [
            6985.702614576933,
            7596.202343702086,
            7045.623321285293,
            6561.552554923661,
            6644.003675483895,
            7143.313103105129,
            7565.79289203863,
            7284.6907752886145,
            6500.275496165343,
            6790.2184468934265,
            6702.08931475002,
            6888.285841008621,
            7344.770270279697,
            8047.577844984409,
            7472.576472452663
        ]
    }
}