{
    "474": {
        "message": null,
        "test SMAPE": 0.050812,
        "val SMAPE": 0.034141,
        "best model": {
            "thres up": 0.21,
            "thres down": 1.01,
            "n lag": 5,
            "struc": [
                0
            ],
            "max iter": 500
        },
        "y hats": [
            7002.004110163762,
            7549.134119223162,
            7043.988427526729,
            6602.7512631897025,
            6728.609341294267,
            7084.661483173905,
            7485.717671774268,
            7278.385511179164,
            6549.793168898965,
            6841.980047552628,
            6607.483662860274,
            6990.4259789929665,
            7390.62536908879,
            7947.713649759627,
            7517.173779335815
        ]
    }
}